user_id,name,phone_no,email
2541,Fedora Kiddy,8821829474,fkiddy0@joomla.org
2542,Mauricio Dombrell,9914966008,mdombrell1@deliciousdays.com
2543,Alister MacNeill,3893442943,amacneill2@forbes.com
2544,Bibbie Ruddin,3879555994,bruddin3@gizmodo.com
2545,Hatti Olivello,3198645812,holivello4@tamu.edu
2546,Ambros Glendenning,9081015562,aglendenning5@hao123.com
2547,Sibyl Brudenell,2747303910,sbrudenell6@washington.edu
2548,Mohammed Gindghill,2139974264,mgindghill7@marketwatch.com
2549,Beltran Courtonne,5018303880,bcourtonne8@theglobeandmail.com
25410,Gibb Huffy,6532107081,ghuffy9@desdev.cn
25411,Anya Ousby,2028261231,aousbya@marriott.com
25412,Korey O'Scannill,6104939014,koscannillb@usgs.gov
25413,Lola Bernhardt,9092035019,lbernhardtc@addtoany.com
25414,Cassie Bainbridge,8003941193,cbainbridged@photobucket.com
25415,Ali Sibbit,5161072677,asibbite@discuz.net
25416,Evelina Spaxman,9989995492,espaxmanf@home.pl
25417,Judy Ruske,5239014161,jruskeg@devhub.com
25418,Eunice Suggey,9117217138,esuggeyh@umich.edu
25419,Antoine Barnsley,3632999517,abarnsleyi@last.fm
25420,Massimo Mulqueen,3923335778,mmulqueenj@mit.edu
25421,Berny Crowdy,7104305209,bcrowdyk@wikia.com
25422,Vina Leathley,4071346747,vleathleyl@chronoengine.com
25423,Heda L'argent,1586569027,hlargentm@alibaba.com
25424,Selena Iveagh,9003592504,siveaghn@lycos.com
25425,Sarajane Bezarra,3597246679,sbezarrao@fc2.com
25426,Dehlia Hymans,3015032255,dhymansp@ucoz.ru
25427,Carling McFaell,2671974905,cmcfaellq@free.fr
25428,Marena Shorter,6024342853,mshorterr@jigsy.com
25429,Meggi Hardman,2195109147,mhardmans@stumbleupon.com
25430,Cletus Aguirre,4994182055,caguirret@chron.com
25431,Adrea Meekins,8166308185,ameekinsu@timesonline.co.uk
25432,Batholomew Noyes,2113189262,bnoyesv@google.de
25433,Theo Bricknell,7947017548,tbricknellw@usgs.gov
25434,Emmalyn Noads,9431011939,enoadsx@bloomberg.com
25435,Hildagard Wooller,5252863969,hwoollery@cisco.com
25436,Ara Osbourn,7187925126,aosbournz@ca.gov
25437,Dollie Sewell,9977852921,dsewell10@toplist.cz
25438,Reyna Bronot,2002856030,rbronot11@narod.ru
25439,Miller Ropkins,1751100446,mropkins12@google.com.au
25440,Antonetta Kynvin,5488675839,akynvin13@prlog.org
25441,Robinetta Lobbe,5637346160,rlobbe14@bandcamp.com
25442,Myrtice Chittem,7864187850,mchittem15@wix.com
25443,Lorne de Glanville,8837365905,lde16@disqus.com
25444,Kara Veregan,9619719653,kveregan17@elpais.com
25445,Liuka Lilford,2647145273,llilford18@google.cn
25446,Kiah Edgerly,1245734360,kedgerly19@goodreads.com
25447,Eada Sancto,1999039825,esancto1a@skype.com
25448,Dasi Jeavon,8186957966,djeavon1b@dion.ne.jp
25449,Damon Stanesby,1319665549,dstanesby1c@gmpg.org
25450,Joete Cawsby,2923772205,jcawsby1d@cloudflare.com
25451,Frederico Pavie,3408987936,fpavie1e@deliciousdays.com
25452,Lou Matousek,2598010920,lmatousek1f@homestead.com
25453,Tammie Prestie,3669930395,tprestie1g@blog.com
25454,Emile Kuna,2559031747,ekuna1h@redcross.org
25455,Priscella Arends,9895415687,parends1i@com.com
25456,Griz Petasch,1789797001,gpetasch1j@sina.com.cn
25457,Willi Twaits,8067595957,wtwaits1k@cyberchimps.com
25458,Maiga Wingeatt,4454308308,mwingeatt1l@is.gd
25459,Barbra Kubu,7011043824,bkubu1m@thetimes.co.uk
25460,Sheridan Buttriss,5158522522,sbuttriss1n@wikia.com
25461,Davy Pideon,4782709499,dpideon1o@printfriendly.com
25462,Ruth Jahncke,9341398267,rjahncke1p@fotki.com
25463,Cece Ovett,8432726835,covett1q@china.com.cn
25464,Ella Hender,7047433852,ehender1r@businessweek.com
25465,Agnesse Ivanov,4154936915,aivanov1s@google.de
25466,Morissa Begwell,4166573125,mbegwell1t@netlog.com
25467,Bronnie Tomaselli,1298526344,btomaselli1u@ucla.edu
25468,Karoly Sainz,2104007394,ksainz1v@amazon.com
25469,Haily Fermin,9297447301,hfermin1w@skype.com
25470,Matthew Whitsey,9333479853,mwhitsey1x@google.ru
25471,Paulie Ragsdall,4717747647,pragsdall1y@cisco.com
25472,Yank Woods,9831916597,ywoods1z@etsy.com
25473,Lexy Lougheed,6629013874,llougheed20@nymag.com
25474,Reagan Swatheridge,3367629569,rswatheridge21@independent.co.uk
25475,Emyle Muddle,1093693285,emuddle22@irs.gov
25476,Doria Greenin,5788176388,dgreenin23@so-net.ne.jp
25477,Eamon Bradwell,8541714199,ebradwell24@bluehost.com
25478,Leigh Meriot,9014624829,lmeriot25@thetimes.co.uk
25479,Bernie Giannazzo,3672954288,bgiannazzo26@blogs.com
25480,Percival Bygrave,5428518799,pbygrave27@nature.com
25481,Ronalda Clawsley,4753766574,rclawsley28@msu.edu
25482,Langston Kolyagin,7203299518,lkolyagin29@cnn.com
25483,Brandon Clorley,4893042718,bclorley2a@yolasite.com
25484,Weber Schubbert,8766599086,wschubbert2b@jiathis.com
25485,Evie Tranfield,9415397454,etranfield2c@1und1.de
25486,Raddie Milleton,6144841731,rmilleton2d@hubpages.com
25487,Nonnah Durram,9979236690,ndurram2e@wikipedia.org
25488,Mellie O'Lennane,1877590144,molennane2f@deviantart.com
25489,Lek Marczyk,5394938724,lmarczyk2g@ucoz.ru
25490,Basile Bosenworth,4134852236,bbosenworth2h@go.com
25491,Daryl Orteau,6086456057,dorteau2i@stumbleupon.com
25492,Shandee Sedgefield,3878049527,ssedgefield2j@typepad.com
25493,Sascha Golson,3686480568,sgolson2k@google.fr
25494,Collette Huton,8749813635,chuton2l@sohu.com
25495,Bryana Hanson,1905584260,bhanson2m@dropbox.com
25496,Thomasa Dunaway,6541892908,tdunaway2n@t-online.de
25497,Grazia Keedy,5218807589,gkeedy2o@hubpages.com
25498,Olympe Deshorts,8449750265,odeshorts2p@guardian.co.uk
25499,Brendin Bahike,7452752578,bbahike2q@imdb.com
254100,Jared Hoppner,4773695730,jhoppner2r@java.com
